SET SQL_MODE="NO_AUTO_VALUE_ON_ZERO";
SET time_zone = "+00:00";

/*!40101 SET @OLD_CHARACTER_SET_CLIENT=@@CHARACTER_SET_CLIENT */;
/*!40101 SET @OLD_CHARACTER_SET_RESULTS=@@CHARACTER_SET_RESULTS */;
/*!40101 SET @OLD_COLLATION_CONNECTION=@@COLLATION_CONNECTION */;
/*!40101 SET NAMES utf8 */;

CREATE DATABASE IF NOT EXISTS lease_agreements;
USE lease_agreements;


CREATE TABLE IF NOT EXISTS `agreement_value` (
  `AgreementID` int(11) NOT NULL,
  `ObjectID` int(11) NOT NULL,
  PRIMARY KEY (`AgreementID`,`ObjectID`),
  KEY `ObjectID` (`ObjectID`)
) ENGINE=InnoDB DEFAULT CHARSET=utf8;

INSERT INTO `agreement_value` (`AgreementID`, `ObjectID`) VALUES
(1, 1),
(2, 2),
(4, 3),
(5, 4),
(6, 5),
(7, 6),
(1, 7),
(9, 7),
(10, 9),
(10, 10),
(3, 11),
(11, 12),
(2, 13),
(12, 14),
(11, 15),
(15, 16),
(15, 17),
(16, 18),
(16, 19),
(17, 20),
(18, 21),
(12, 22),
(19, 23),
(6, 24),
(20, 25),
(21, 26),
(1, 27),
(6, 28),
(6, 29),
(22, 30),
(24, 31),
(26, 32),
(27, 33),
(25, 34),
(26, 35),
(26, 36),
(28, 37),
(25, 38),
(26, 39),
(24, 40),
(26, 41),
(29, 42),
(30, 43),
(31, 44),
(32, 45),
(33, 46),
(34, 47),
(35, 48),
(35, 49),
(36, 50),
(36, 51),
(36, 52),
(36, 53),
(36, 54),
(37, 55),
(38, 56),
(39, 57),
(40, 58),
(41, 59),
(42, 60),
(44, 62),
(46, 63),
(47, 64),
(47, 65),
(36, 68),
(43, 76),
(46, 76),
(39, 77),
(40, 78),
(36, 79),
(48, 80),
(43, 81),
(49, 81),
(43, 82),
(50, 82),
(46, 83),
(45, 84),
(47, 85),
(42, 86);

CREATE TABLE IF NOT EXISTS `lease_agreements` (
  `AgreementID` int(11) NOT NULL AUTO_INCREMENT,
  `Number` varchar(10) NOT NULL,
  `Date` date NOT NULL,
  `LesseeID` int(11) NOT NULL,
  `StartOfRentPayment` date NOT NULL,
  `Expiration` date DEFAULT NULL,
  PRIMARY KEY (`AgreementID`),
  KEY `LesseeID` (`LesseeID`)
) ENGINE=InnoDB  DEFAULT CHARSET=utf8 AUTO_INCREMENT=51 ;

INSERT INTO `lease_agreements` (`AgreementID`, `Number`, `Date`, `LesseeID`, `StartOfRentPayment`, `Expiration`) VALUES
(1, '07/21', '2021-12-13', 1, '2022-01-01', NULL),
(2, '10/17', '2017-11-14', 2, '2017-12-01', '2022-12-31'),
(3, '05/15', '2015-04-01', 3, '2015-04-01', NULL),
(4, '03/19', '2019-09-25', 3, '2019-10-01', NULL),
(5, '08/22', '2022-06-21', 4, '2022-07-04', NULL),
(6, '05/18', '2018-05-28', 5, '2018-06-01', NULL),
(7, '04/20', '2020-10-26', 6, '2020-11-01', NULL),
(9, '02/21', '2021-04-19', 7, '2021-05-01', NULL),
(10, '03/19', '2019-09-01', 8, '2021-03-31', NULL),
(11, '01/22', '2022-02-22', 9, '2022-02-24', NULL),
(12, '13/18', '2018-12-26', 10, '2019-01-01', NULL),
(13, '09/22', '2022-08-01', 11, '2022-08-01', NULL),
(14, '10/22', '2022-08-01', 12, '2022-08-01', NULL),
(15, '06/22', '2022-05-19', 13, '2022-05-19', NULL),
(16, '06/19', '2019-10-01', 14, '2019-10-01', NULL),
(17, '15/15', '2015-07-20', 15, '2015-11-01', NULL),
(18, '02/22', '2022-04-19', 16, '2022-05-01', NULL),
(19, '02/18', '2018-02-27', 17, '2018-03-01', NULL),
(20, '10/18', '2018-11-19', 18, '2018-12-01', NULL),
(21, '07/18', '2018-06-01', 19, '2018-06-01', NULL),
(22, '05/22', '2022-05-10', 20, '2022-05-10', NULL),
(24, '2305/18', '2018-05-23', 21, '2018-06-18', NULL),
(25, '03/20', '2020-07-06', 22, '2020-08-01', NULL),
(26, '01/22', '2022-03-14', 23, '2022-04-01', NULL),
(27, '05/21', '2021-08-18', 24, '2021-09-01', NULL),
(28, '02/22', '2022-01-21', 25, '2022-02-01', NULL),
(29, '06/21', '2021-10-01', 26, '2021-10-01', NULL),
(30, '04/21', '2021-10-13', 27, '2021-11-01', NULL),
(31, '05/21', '2021-10-13', 28, '2021-11-01', NULL),
(32, '01/19', '2019-02-25', 29, '2019-03-01', NULL),
(33, '01/22', '2022-07-19', 30, '2022-08-01', '2023-06-30'),
(34, '02/22', '2022-07-19', 31, '2022-08-01', '2023-06-30'),
(35, '03/22', '2022-07-19', 32, '2022-08-01', '2023-06-30'),
(36, '05/21', '2021-07-01', 33, '2021-08-23', NULL),
(37, '10/20', '2020-10-12', 26, '2020-11-01', NULL),
(38, '07/20', '2020-06-10', 34, '2020-06-10', NULL),
(39, '03/21', '2021-03-11', 35, '2021-04-01', NULL),
(40, '02/21', '2021-03-11', 36, '2021-04-01', NULL),
(41, '02/22', '2022-08-15', 31, '2022-09-01', '2022-10-31'),
(42, '06/18', '2018-01-25', 37, '2018-02-01', NULL),
(43, '13/21', '2021-11-15', 38, '2022-01-01', NULL),
(44, '01/21', '2021-01-15', 39, '2021-02-01', NULL),
(45, '09/21', '2021-07-01', 39, '2021-07-01', NULL),
(46, '09/19', '2019-09-27', 40, '2019-10-01', NULL),
(47, '06/20', '2020-06-11', 41, '2020-07-01', NULL),
(48, '12/21', '2021-10-01', 42, '2021-10-01', NULL),
(49, '09/20', '2020-10-01', 43, '2020-10-01', NULL),
(50, '10/21-2', '2021-09-01', 44, '2021-09-01', NULL);

CREATE TABLE IF NOT EXISTS `lessees` (
  `LesseeID` int(11) NOT NULL AUTO_INCREMENT,
  `Name` varchar(40) NOT NULL,
  `INN` varchar(20) NOT NULL,
  PRIMARY KEY (`LesseeID`),
  KEY `Name` (`Name`)
) ENGINE=InnoDB  DEFAULT CHARSET=utf8 AUTO_INCREMENT=45 ;

INSERT INTO `lessees` (`LesseeID`, `Name`, `INN`) VALUES
(1, 'IP Vysotskaya', '472006079863'),
(2, 'Arrival RUS', '7814620920'),
(3, 'Grundlage', '7843316794'),
(4, 'Aviz Infosistema', '7810517576'),
(5, 'TD Silena', '7814419481'),
(6, 'Ozen Iplik Rus', '7811528041'),
(7, 'Vodalux', '7804175010'),
(8, 'InAutoParts', '7814646935'),
(9, 'IP Gritsaj', '780531451820'),
(10, 'DreamLine', '7814692681'),
(11, 'IP Astakhov', '025506621149'),
(12, 'IP Ekimenkova', '780263745211'),
(13, 'Merkurij', '7805687251'),
(14, 'Magna', '7813597121'),
(15, 'Lider-auto', '7825441390'),
(16, 'IP Akopov', '780543232861'),
(17, 'Baltic Tekhnika', '7804449688'),
(18, 'BaltTakhServis', '7841510002'),
(19, 'Lahta Logistik', '7814355284'),
(20, 'Fasenergomash', '7814535512'),
(21, 'TA Vostok', '7839377000'),
(22, 'Art Kork', '7814297770'),
(23, 'Holdex', '4703148329'),
(24, 'Sunline', '7814231666'),
(25, 'IP Nabiev', '471207082102'),
(26, 'Sfera', '7814296906'),
(27, 'Svarog', '7814371977'),
(28, 'Erma', '7814587831'),
(29, 'Rosma', '4719015564'),
(30, 'BioLine', '7813118690'),
(31, 'BioSistemy', '7802139497'),
(32, 'BioMebel', '7802129957'),
(33, 'Finstroj', '7814033520'),
(34, 'Ajvazyan G.V.', '784890013336'),
(35, 'Yahta', '7814785463'),
(36, 'Posejdon', '7814672808'),
(37, 'NMT', '7811157608'),
(38, 'Gidrodin', '7810091111'),
(39, 'Hetki Group', '7814784558'),
(40, 'Josef Gartner', '7802459786'),
(41, 'Interproduct', '7825676138'),
(42, 'IP Korsakov', '781420908982'),
(43, 'IP Akathevich', '780421845109'),
(44, 'IP Rodin', '782609463993');

CREATE TABLE IF NOT EXISTS `objects` (
  `ObjectID` int(11) NOT NULL AUTO_INCREMENT,
  `TerritoryID` int(11) NOT NULL,
  `TypeID` int(11) NOT NULL,
  `ObjectNumber` varchar(10) NOT NULL,
  `Area` double NOT NULL,
  `RentPerSquareMeter` int(11) NOT NULL,
  `MonthlyRent` int(11) NOT NULL,
  PRIMARY KEY (`ObjectID`),
  KEY `TerritoryID` (`TerritoryID`),
  KEY `TypeID` (`TypeID`)
) ENGINE=InnoDB  DEFAULT CHARSET=utf8 AUTO_INCREMENT=87 ;

INSERT INTO `objects` (`ObjectID`, `TerritoryID`, `TypeID`, `ObjectNumber`, `Area`, `RentPerSquareMeter`, `MonthlyRent`) VALUES
(1, 1, 1, '1', 300, 400, 120000),
(2, 1, 1, '2', 800, 430, 344000),
(3, 1, 1, '3A', 300, 300, 90000),
(4, 1, 1, '3B', 420, 400, 168000),
(5, 1, 1, '4', 538, 215, 115670),
(6, 1, 1, '5A', 300, 310, 93000),
(7, 1, 1, '5B', 150, 310, 46500),
(8, 1, 1, '5C', 150, 320, 48000),
(9, 1, 1, '6A', 275.7, 300, 82710),
(10, 1, 1, '6B', 165, 375, 61875),
(11, 1, 1, '7A', 333, 300, 99900),
(12, 1, 1, '7B', 250, 400, 100000),
(13, 1, 1, '8', 460, 330, 151800),
(14, 1, 1, '9', 439.5, 280, 123060),
(15, 1, 1, '10', 540, 394, 212760),
(16, 1, 1, '11', 576, 500, 288000),
(17, 1, 2, '11', 144, 800, 115200),
(18, 1, 1, '12', 1084, 350, 379400),
(19, 1, 2, '12', 113, 800, 90400),
(20, 1, 1, '13A', 260, 330, 85800),
(21, 1, 1, '13B', 191.1, 412, 78733),
(22, 1, 2, '1', 18.7, 700, 13090),
(23, 1, 2, '2', 10.5, 700, 7350),
(24, 1, 2, '3', 9.5, 750, 7125),
(25, 1, 2, '4', 12, 750, 9000),
(26, 1, 2, '5', 9, 750, 6750),
(27, 1, 2, '6', 12, 750, 9000),
(28, 1, 2, '7', 20, 750, 15000),
(29, 1, 2, '8', 8, 750, 6000),
(30, 1, 3, '1', 285, 100, 28500),
(31, 2, 1, '1A', 560, 374, 209440),
(32, 2, 1, '1B', 821, 324, 266004),
(33, 2, 1, '2A', 834, 360, 300240),
(34, 2, 1, '2B', 350, 243, 85050),
(35, 2, 1, '3A', 920, 286, 263120),
(36, 2, 1, '3B', 780, 286, 223080),
(37, 2, 1, 'stolovaya', 80, 800, 64000),
(38, 2, 2, '2B', 45, 447, 20115),
(39, 2, 2, '3A', 180, 600, 108000),
(40, 2, 3, '1', 90, 139, 12510),
(41, 2, 3, '3', 644, 130, 83720),
(42, 2, 3, '2', 40, 150, 6000),
(43, 3, 1, '1A', 1561.2, 480, 749376),
(44, 3, 1, '1B', 100, 480, 48000),
(45, 3, 1, '2', 1349.1, 470, 634077),
(46, 3, 1, '3A', 502.4, 389, 195434),
(47, 3, 1, '3B', 826.9, 389, 321664),
(48, 3, 1, '4', 805.7, 496, 399627),
(49, 3, 2, '4', 165.6, 496, 82138),
(50, 4, 1, '1', 650, 260, 169000),
(51, 4, 1, '2', 650, 260, 169000),
(52, 4, 1, '3', 650, 260, 169000),
(53, 4, 1, '4', 650, 260, 169000),
(54, 4, 1, '5', 686, 260, 178360),
(55, 4, 1, '6A', 155, 280, 43400),
(56, 4, 1, '6', 367, 330, 121110),
(57, 4, 1, '7A', 240, 300, 72000),
(58, 4, 1, '7', 123, 300, 36900),
(59, 4, 1, '8', 343, 318, 109074),
(60, 4, 1, '9', 366.42, 260, 95269),
(61, 4, 1, '10', 305, 300, 91500),
(62, 4, 1, '11', 668, 290, 193720),
(63, 4, 1, '12', 228, 320, 72960),
(64, 4, 1, '13', 220, 166, 36520),
(65, 4, 1, '14', 870, 166, 144420),
(66, 4, 2, '3', 37, 450, 16650),
(67, 4, 2, '4', 25, 430, 10750),
(68, 4, 2, '5', 39, 300, 11700),
(69, 4, 2, '6', 42, 300, 12600),
(70, 4, 2, '7A', 10, 300, 3000),
(71, 4, 2, '7B', 10, 300, 3000),
(72, 4, 2, '7C', 10, 300, 3000),
(73, 4, 2, '7D', 26, 300, 7800),
(74, 4, 2, '8', 49, 300, 14700),
(75, 4, 2, '9', 40, 300, 12000),
(76, 4, 2, '10', 25, 350, 8750),
(77, 4, 2, '15A', 40, 300, 12000),
(78, 4, 2, '15B', 35, 300, 10500),
(79, 4, 3, '1', 1165, 70, 81550),
(80, 4, 3, '2', 163, 100, 16300),
(81, 4, 3, '3', 50, 100, 5000),
(82, 4, 3, '4', 36, 100, 36000),
(83, 4, 3, '5', 10, 100, 1000),
(84, 4, 3, '6', 300, 70, 21000),
(85, 4, 3, '7', 30, 100, 3000),
(86, 4, 3, '8', 15, 100, 1500);

CREATE TABLE IF NOT EXISTS `object_type` (
  `TypeID` int(11) NOT NULL AUTO_INCREMENT,
  `Name` varchar(30) NOT NULL,
  PRIMARY KEY (`TypeID`)
) ENGINE=InnoDB  DEFAULT CHARSET=utf8 AUTO_INCREMENT=4 ;

INSERT INTO `object_type` (`TypeID`, `Name`) VALUES
(1, 'Storage'),
(2, 'Office'),
(3, 'Land plot');

CREATE TABLE IF NOT EXISTS `territories` (
  `TerritoriyID` int(11) NOT NULL,
  `Index` int(11) NOT NULL,
  `City` varchar(40) NOT NULL,
  `Street` varchar(40) NOT NULL,
  `HouseNumber` varchar(10) NOT NULL,
  `Building` int(11) DEFAULT NULL,
  `Letter` varchar(2) DEFAULT NULL,
  PRIMARY KEY (`TerritoriyID`)
) ENGINE=InnoDB DEFAULT CHARSET=utf8;

INSERT INTO `territories` (`TerritoriyID`, `Index`, `City`, `Street`, `HouseNumber`, `Building`, `Letter`) VALUES
(1, 197229, 'Saint Petersburg', 'Krasnyh Partizan (Lahta ter.)', '14', NULL, NULL),
(2, 197229, 'Saint Petersburg', '1-ya Konnaya Lahta', '1', NULL, NULL),
(3, 197229, 'Saint Petersburg', '3-ya Konnaya Lahta', '48', 4, 'A'),
(4, 197229, 'Saint Petersburg', '3-ya Konnaya Lahta', '48', 2, NULL);


ALTER TABLE `agreement_value`
  ADD CONSTRAINT `agreement_value_ibfk_1` FOREIGN KEY (`ObjectID`) REFERENCES `objects` (`ObjectID`) ON DELETE CASCADE ON UPDATE CASCADE,
  ADD CONSTRAINT `agreement_value_ibfk_2` FOREIGN KEY (`AgreementID`) REFERENCES `lease_agreements` (`AgreementID`) ON DELETE CASCADE ON UPDATE CASCADE;

ALTER TABLE `lease_agreements`
  ADD CONSTRAINT `lease_agreements_ibfk_1` FOREIGN KEY (`LesseeID`) REFERENCES `lessees` (`LesseeID`) ON DELETE CASCADE ON UPDATE CASCADE;

ALTER TABLE `objects`
  ADD CONSTRAINT `objects_ibfk_1` FOREIGN KEY (`TerritoryID`) REFERENCES `territories` (`TerritoriyID`) ON DELETE CASCADE ON UPDATE CASCADE,
  ADD CONSTRAINT `objects_ibfk_2` FOREIGN KEY (`TypeID`) REFERENCES `object_type` (`TypeID`) ON DELETE CASCADE ON UPDATE CASCADE;

/*!40101 SET CHARACTER_SET_CLIENT=@OLD_CHARACTER_SET_CLIENT */;
/*!40101 SET CHARACTER_SET_RESULTS=@OLD_CHARACTER_SET_RESULTS */;
/*!40101 SET COLLATION_CONNECTION=@OLD_COLLATION_CONNECTION */;
